Partner,MultipleLines,Contract,MonthlyCharges
No,No,One year,95.55
Yes,No phone service,Month-to-month,34.5
No,Yes,Month-to-month,77.15
Yes,No phone service,Two year,49.35
Yes,No,Month-to-month,69.9
No,Yes,Month-to-month,89.15
No,No,Month-to-month,70.3
No,No,Month-to-month,74.9
Yes,No phone service,Month-to-month,54.55
Yes,Yes,Month-to-month,85.35
No,Yes,Month-to-month,86.45
No,No,Month-to-month,56.25
No,Yes,One year,78.6
No,No phone service,Month-to-month,24.45
No,Yes,Month-to-month,99.55
No,Yes,Month-to-month,100.2
No,Yes,Month-to-month,89.75
No,No,Month-to-month,69.75
No,Yes,Month-to-month,99.45
No,No phone service,Month-to-month,34.7
Yes,Yes,Two year,79.7
Yes,No,Month-to-month,89.0
No,Yes,Month-to-month,89.95
No,No,Month-to-month,19.65
No,No phone service,Month-to-month,24.6
No,No,Month-to-month,75.3
Yes,No phone service,Month-to-month,24.95
No,Yes,Month-to-month,81.0
Yes,Yes,Month-to-month,86.85
Yes,No,Month-to-month,19.5
Yes,No phone service,Month-to-month,36.5
No,No,Month-to-month,79.55
Yes,No,Month-to-month,70.3
No,No,Month-to-month,71.55
Yes,No phone service,One year,42.35
No,No,Month-to-month,20.2
Yes,Yes,Month-to-month,77.75
No,Yes,Month-to-month,74.3
No,Yes,Month-to-month,99.95
No,No,Month-to-month,70.3
No,No,Month-to-month,70.2
No,Yes,Month-to-month,91.4
No,Yes,Month-to-month,82.0
Yes,Yes,Month-to-month,99.55
Yes,No,Month-to-month,85.3
No,Yes,Month-to-month,95.15
No,No,Month-to-month,69.1
Yes,Yes,Month-to-month,96.5
No,Yes,Month-to-month,85.2
No,Yes,Month-to-month,60.15
Yes,Yes,Month-to-month,74.4
No,Yes,Month-to-month,100.8
Yes,Yes,One year,72.45
No,No,Month-to-month,70.2
No,No,Month-to-month,69.35
No,Yes,Month-to-month,80.8
Yes,Yes,Month-to-month,24.1
No,No phone service,Month-to-month,34.7
No,No,One year,105.0
Yes,No,One year,98.6
Yes,No,Two year,109.75
No,No,Month-to-month,45.4
Yes,Yes,One year,89.05
No,No,Month-to-month,69.65
No,Yes,Month-to-month,47.15
No,No,Month-to-month,70.4
No,No,Month-to-month,45.15
Yes,No,Month-to-month,75.2
No,Yes,Two year,104.0
Yes,No,Month-to-month,69.4
No,No,Month-to-month,85.35
No,Yes,Month-to-month,91.85
No,No,Month-to-month,79.5
No,Yes,Month-to-month,101.4
No,Yes,Month-to-month,90.55
Yes,Yes,Month-to-month,83.65
Yes,Yes,One year,100.3
No,Yes,One year,105.65
No,No,Month-to-month,20.35
Yes,No,One year,99.2
Yes,No,Month-to-month,69.55
No,Yes,Month-to-month,86.0
Yes,No,One year,80.0
Yes,Yes,Month-to-month,100.65
No,No phone service,Month-to-month,49.15
No,Yes,Month-to-month,88.85
Yes,Yes,One year,75.3
No,No,Month-to-month,20.1
No,No,Month-to-month,70.3
No,No,Month-to-month,20.4
Yes,Yes,Month-to-month,102.1
No,No,Month-to-month,21.05
No,Yes,Month-to-month,73.75
No,Yes,Month-to-month,84.5
No,No,Month-to-month,91.4
No,No,Month-to-month,78.1
Yes,No,One year,67.5
Yes,No phone service,Month-to-month,40.2
No,No,Month-to-month,74.7
No,Yes,Month-to-month,91.3
No,Yes,Month-to-month,78.3
Yes,Yes,Month-to-month,113.6
No,Yes,Month-to-month,74.65
Yes,No,Month-to-month,45.85
No,Yes,Month-to-month,98.55
No,Yes,Month-to-month,77.95
No,No,Month-to-month,96.3
No,Yes,Two year,24.75
No,No,Month-to-month,80.15
No,No,Month-to-month,50.6
No,Yes,Month-to-month,85.35
No,No,Month-to-month,55.3
No,No phone service,Month-to-month,42.6
Yes,Yes,Month-to-month,86.15
No,No,Month-to-month,89.5
No,Yes,Month-to-month,62.05
Yes,Yes,Month-to-month,100.25
No,No,Month-to-month,60.4
No,No,Month-to-month,59.4
Yes,No,Month-to-month,56.15
Yes,Yes,Month-to-month,84.1
No,No,Month-to-month,98.15
Yes,Yes,Month-to-month,100.6
No,Yes,Month-to-month,60.1
Yes,No phone service,One year,59.3
No,No,Month-to-month,44.4
Yes,No,One year,90.6
Yes,Yes,Month-to-month,50.25
No,No,Month-to-month,85.55
No,Yes,Month-to-month,98.4
No,No,Month-to-month,70.85
Yes,No,Month-to-month,99.85
No,No,Month-to-month,79.25
Yes,Yes,Month-to-month,105.3
Yes,No,Month-to-month,19.4
No,No,Month-to-month,70.55
No,No,Month-to-month,49.55
Yes,Yes,Month-to-month,93.4
No,Yes,Month-to-month,99.65
Yes,No,Month-to-month,79.9
No,Yes,Month-to-month,105.2
No,No,Month-to-month,19.8
Yes,No phone service,Month-to-month,35.1
Yes,No phone service,Month-to-month,51.2
No,Yes,Month-to-month,76.0
No,Yes,One year,100.0
No,Yes,Month-to-month,75.45
No,No,Month-to-month,93.2
No,No,Month-to-month,49.65
No,No,Month-to-month,69.5
No,No,Month-to-month,80.2
No,Yes,Month-to-month,88.55
Yes,Yes,Month-to-month,104.5
Yes,Yes,Month-to-month,104.95
Yes,Yes,Month-to-month,94.45
Yes,Yes,Month-to-month,85.95
Yes,Yes,One year,48.35
No,No,Month-to-month,19.6
Yes,Yes,Two year,108.6
Yes,No,Month-to-month,81.1
Yes,No,Month-to-month,95.15
Yes,No phone service,Month-to-month,54.45
No,No,Month-to-month,46.2
Yes,No,Month-to-month,90.75
Yes,Yes,Month-to-month,106.1
No,No,Month-to-month,69.9
No,No,Month-to-month,70.6
No,No,Month-to-month,86.85
Yes,Yes,Month-to-month,86.05
No,Yes,Month-to-month,100.5
Yes,Yes,Month-to-month,93.8
No,Yes,Month-to-month,84.8
No,Yes,Month-to-month,84.65
Yes,Yes,Month-to-month,102.1
No,Yes,Month-to-month,75.0
No,No,Month-to-month,20.9
No,No,Month-to-month,70.6
Yes,Yes,Month-to-month,87.25
No,Yes,Month-to-month,76.05
No,No phone service,Month-to-month,29.85
No,No,Month-to-month,83.9
No,Yes,Month-to-month,98.65
No,Yes,Month-to-month,94.65
No,No,Month-to-month,55.8
No,Yes,Month-to-month,73.6
Yes,Yes,Month-to-month,91.15
No,Yes,Month-to-month,84.6
Yes,Yes,Month-to-month,95.2
Yes,Yes,Month-to-month,64.7
No,No,One year,70.0
No,No,Month-to-month,89.55
No,Yes,Month-to-month,90.5
No,Yes,Month-to-month,90.85
No,Yes,Month-to-month,75.1
No,Yes,Month-to-month,77.85
Yes,Yes,Month-to-month,88.05
No,No,Month-to-month,49.35
No,Yes,Month-to-month,79.35
No,No phone service,Month-to-month,43.25
No,No,Month-to-month,53.4
No,No,Month-to-month,20.15
Yes,Yes,Month-to-month,85.6
No,Yes,Month-to-month,59.75
No,Yes,Month-to-month,74.45
No,No,Month-to-month,45.8
No,Yes,Month-to-month,50.6
No,No,Month-to-month,49.6
No,Yes,Month-to-month,78.95
No,No,Month-to-month,45.3
No,Yes,Month-to-month,82.0
No,No phone service,Month-to-month,24.45
No,Yes,Month-to-month,85.7
No,Yes,Month-to-month,96.4
Yes,Yes,Month-to-month,93.2
Yes,No,Month-to-month,56.15
No,Yes,Month-to-month,89.85
No,Yes,Month-to-month,90.45
No,No,Month-to-month,94.25
No,No,Month-to-month,54.9
No,No phone service,Month-to-month,30.5
Yes,Yes,Month-to-month,74.45
No,Yes,One year,82.0
Yes,Yes,Two year,109.45
No,Yes,Month-to-month,93.85
Yes,Yes,Month-to-month,105.85
No,No,Month-to-month,69.25
No,No,Month-to-month,90.25
No,No,Month-to-month,79.65
No,No,Month-to-month,70.15
No,Yes,Month-to-month,80.35
No,No,Month-to-month,44.15
No,Yes,Month-to-month,93.85
Yes,Yes,Month-to-month,94.7
No,Yes,Month-to-month,89.35
No,No,Month-to-month,20.5
Yes,Yes,Month-to-month,82.85
No,Yes,One year,55.85
Yes,Yes,One year,60.05
No,Yes,Month-to-month,90.1
No,Yes,Month-to-month,97.85
No,Yes,Month-to-month,84.75
No,No,Month-to-month,99.5
No,Yes,Month-to-month,99.8
No,No,Month-to-month,80.55
Yes,No,Month-to-month,44.7
Yes,Yes,One year,109.25
No,No phone service,Month-to-month,30.9
No,Yes,Month-to-month,104.5
No,Yes,Month-to-month,54.4
No,No,Month-to-month,94.25
No,Yes,Month-to-month,95.35
No,No,Month-to-month,79.1
Yes,Yes,Month-to-month,100.2
No,No,Month-to-month,73.5
Yes,Yes,One year,104.55
No,Yes,Month-to-month,85.25
Yes,Yes,One year,109.5
No,Yes,Month-to-month,78.05
No,No,Month-to-month,45.65
No,No,Month-to-month,79.6
Yes,No,Month-to-month,89.05
Yes,No,Month-to-month,20.85
Yes,Yes,One year,104.15
No,Yes,Two year,106.5
Yes,Yes,One year,77.5
Yes,No,Month-to-month,20.15
No,Yes,Month-to-month,88.3
No,No,One year,20.4
No,No,Month-to-month,69.35
Yes,No phone service,Month-to-month,44.6
No,Yes,Month-to-month,100.85
No,No,Month-to-month,20.25
Yes,Yes,Month-to-month,95.9
No,No,Month-to-month,55.7
No,Yes,Month-to-month,94.4
No,No,Month-to-month,69.65
Yes,Yes,Month-to-month,91.5
Yes,No,Month-to-month,55.9
No,No,Month-to-month,69.7
Yes,Yes,Month-to-month,106.75
No,No,Month-to-month,79.7
No,No phone service,Month-to-month,30.4
No,No,Month-to-month,95.6
Yes,No phone service,Month-to-month,46.35
No,Yes,Month-to-month,74.95
No,Yes,Month-to-month,72.65
Yes,No,Month-to-month,70.1
No,No,Month-to-month,81.7
No,No,Month-to-month,19.65
No,Yes,Month-to-month,109.8
No,Yes,Month-to-month,85.65
Yes,No phone service,Month-to-month,39.05
No,No,Month-to-month,55.25
Yes,Yes,Two year,92.45
Yes,Yes,Month-to-month,102.25
Yes,Yes,Month-to-month,86.5
Yes,Yes,Month-to-month,104.4
No,No,Month-to-month,56.65
No,Yes,Month-to-month,76.1
No,No phone service,Month-to-month,24.35
No,Yes,Month-to-month,74.9
Yes,No phone service,Month-to-month,30.35
No,Yes,Month-to-month,75.0
No,No,Month-to-month,44.95
No,No,Month-to-month,19.7
Yes,Yes,Month-to-month,86.65
No,No,Month-to-month,89.25
Yes,No,Month-to-month,49.55
No,No,Month-to-month,54.75
No,No,Month-to-month,80.25
Yes,Yes,Month-to-month,99.35
No,No phone service,Month-to-month,25.2
No,No,Month-to-month,79.0
Yes,Yes,One year,101.5
No,Yes,Month-to-month,90.1
No,No,One year,85.35
No,Yes,Month-to-month,81.7
No,Yes,Month-to-month,81.25
Yes,Yes,Two year,79.4
No,Yes,Month-to-month,85.45
Yes,No,One year,104.7
Yes,Yes,Two year,106.05
No,No,Month-to-month,74.35
Yes,Yes,Month-to-month,73.85
No,No phone service,Month-to-month,34.7
Yes,No,Month-to-month,92.35
No,No,Month-to-month,45.15
No,No,Month-to-month,71.65
No,No,Month-to-month,60.0
No,Yes,One year,110.0
Yes,No,Month-to-month,76.2
No,No,One year,105.4
No,No,Month-to-month,19.4
No,No,Month-to-month,19.4
No,No,Month-to-month,90.6
No,Yes,Month-to-month,89.05
No,No,Month-to-month,86.25
No,No,Month-to-month,100.3
Yes,Yes,Month-to-month,99.6
Yes,No,Month-to-month,90.0
No,No,Month-to-month,73.0
Yes,Yes,Month-to-month,75.4
No,Yes,Month-to-month,89.8
No,Yes,Month-to-month,79.85
Yes,Yes,Month-to-month,80.15
No,Yes,Month-to-month,81.0
No,No,Month-to-month,45.1
No,No,Month-to-month,20.3
No,No,Month-to-month,50.25
No,No,Month-to-month,71.0
No,No,Month-to-month,88.8
No,No,Month-to-month,89.4
No,No,Month-to-month,74.3
No,Yes,Month-to-month,79.15
No,No phone service,Month-to-month,45.3
No,Yes,Month-to-month,74.85
No,No,Month-to-month,95.65
No,No,Month-to-month,19.45
Yes,No,Month-to-month,98.0
Yes,No,Month-to-month,94.65
No,No,Month-to-month,89.8
No,No,Month-to-month,85.0
Yes,No,Month-to-month,100.15
Yes,Yes,Month-to-month,100.2
Yes,Yes,One year,98.25
No,No phone service,Month-to-month,50.75
No,No,Month-to-month,89.5
No,Yes,One year,25.3
No,No phone service,Month-to-month,25.2
Yes,No,Month-to-month,70.3
No,No,Month-to-month,69.55
No,Yes,Month-to-month,62.05
No,No phone service,Month-to-month,29.7
No,No,Month-to-month,20.1
Yes,Yes,Month-to-month,79.2
Yes,Yes,Month-to-month,100.7
No,No phone service,Month-to-month,30.3
No,Yes,Month-to-month,80.2
No,No,Month-to-month,19.1
Yes,No phone service,Two year,47.85
No,No,Month-to-month,52.2
No,No,Month-to-month,45.05
No,Yes,Month-to-month,86.55
Yes,Yes,Month-to-month,74.95
No,No,Month-to-month,20.95
Yes,Yes,Month-to-month,85.0
No,Yes,Month-to-month,74.35
No,No,Month-to-month,79.9
No,No,Month-to-month,79.25
Yes,No,One year,103.75
Yes,Yes,Month-to-month,98.4
No,No,Month-to-month,19.75
Yes,Yes,Month-to-month,89.8
No,Yes,Month-to-month,94.0
Yes,No phone service,Month-to-month,40.65
Yes,Yes,Month-to-month,102.0
Yes,Yes,Month-to-month,84.3
No,No,Month-to-month,91.25
No,No phone service,Month-to-month,29.95
Yes,No,Month-to-month,79.35
No,Yes,Month-to-month,96.0
Yes,No,Month-to-month,71.8
Yes,No,Month-to-month,80.4
Yes,Yes,Month-to-month,75.5
Yes,No,Month-to-month,86.25
No,No phone service,Month-to-month,29.5
Yes,No,Month-to-month,69.75
No,No,Month-to-month,69.05
Yes,No,Month-to-month,69.0
Yes,Yes,Month-to-month,104.65
No,Yes,Month-to-month,114.5
No,No,Month-to-month,90.85
No,No,Month-to-month,20.2
Yes,Yes,Month-to-month,100.05
No,No,Month-to-month,45.85
Yes,No,Month-to-month,80.85
Yes,Yes,Month-to-month,85.6
No,No,Month-to-month,84.25
No,No,Month-to-month,79.2
Yes,Yes,Month-to-month,78.9
Yes,No phone service,Month-to-month,49.95
Yes,No,Month-to-month,46.0
Yes,No,Month-to-month,79.7
No,No,Month-to-month,70.45
Yes,No phone service,Month-to-month,39.1
Yes,Yes,Month-to-month,105.05
No,No,Month-to-month,50.45
No,Yes,Month-to-month,84.8
No,No,Month-to-month,64.7
Yes,No,Month-to-month,84.8
No,No,Month-to-month,101.25
No,No,Month-to-month,79.1
No,No,Month-to-month,69.8
No,No,Month-to-month,70.35
Yes,Yes,Month-to-month,99.25
No,No,Month-to-month,95.85
Yes,No,Month-to-month,90.2
No,Yes,Month-to-month,106.9
No,Yes,Month-to-month,89.4
No,No phone service,Month-to-month,25.25
No,No,Month-to-month,70.75
Yes,No,Month-to-month,80.45
No,Yes,Month-to-month,102.8
No,No,Month-to-month,85.45
No,Yes,Month-to-month,94.2
Yes,No,Month-to-month,89.45
No,No,Month-to-month,75.8
No,Yes,Month-to-month,105.35
No,No,Month-to-month,57.15
No,No phone service,Month-to-month,48.95
Yes,No,Month-to-month,89.75
Yes,No phone service,One year,34.7
Yes,Yes,One year,100.45
No,No,Month-to-month,20.2
Yes,Yes,Month-to-month,85.25
No,No,Month-to-month,74.7
No,No,Month-to-month,49.9
No,No,Month-to-month,78.45
Yes,Yes,Month-to-month,101.9
No,No,Month-to-month,19.95
No,Yes,Month-to-month,75.25
Yes,No,Month-to-month,46.0
Yes,Yes,Month-to-month,102.45
Yes,No,Month-to-month,74.3
No,No,Month-to-month,76.65
No,Yes,Month-to-month,51.75
Yes,No,Month-to-month,19.9
Yes,Yes,Month-to-month,85.0
No,No,Month-to-month,71.35
Yes,Yes,Month-to-month,74.35
No,No,Month-to-month,99.1
Yes,Yes,Month-to-month,94.65
No,Yes,Month-to-month,74.5
Yes,No phone service,Month-to-month,44.85
No,No,Month-to-month,69.85
Yes,Yes,Month-to-month,100.05
No,No,Month-to-month,98.1
No,No,Month-to-month,53.95
No,Yes,Month-to-month,101.1
No,Yes,Month-to-month,89.6
No,Yes,Month-to-month,105.0
No,Yes,Month-to-month,83.85
Yes,Yes,Month-to-month,78.75
No,No,Month-to-month,19.9
No,No,One year,85.15
Yes,No,Month-to-month,70.4
No,No,Month-to-month,74.4
Yes,No,Month-to-month,80.35
No,No,One year,105.2
Yes,Yes,Month-to-month,74.9
Yes,Yes,Month-to-month,105.9
No,Yes,Month-to-month,96.7
Yes,No,One year,19.85
No,No,One year,70.45
No,Yes,Month-to-month,85.2
No,No,Month-to-month,19.8
Yes,Yes,Month-to-month,90.8
No,No,Month-to-month,89.8
No,No phone service,Month-to-month,25.2
No,No,Month-to-month,85.9
No,Yes,Month-to-month,103.45
No,No phone service,Month-to-month,35.0
Yes,No,Month-to-month,74.7
Yes,No phone service,Month-to-month,40.65
No,No,Month-to-month,19.5
Yes,Yes,Month-to-month,80.6
No,No,Month-to-month,80.75
Yes,Yes,Month-to-month,94.1
No,Yes,Month-to-month,74.9
No,No phone service,Month-to-month,44.55
Yes,No,Month-to-month,99.85
No,Yes,Month-to-month,75.65
No,No,Month-to-month,96.25
No,No,Month-to-month,19.75
Yes,Yes,Month-to-month,99.4
No,Yes,Month-to-month,95.05
No,Yes,Month-to-month,106.4
No,Yes,Month-to-month,100.6
No,No,Month-to-month,84.3
No,Yes,Month-to-month,78.45
Yes,Yes,Month-to-month,103.7
Yes,Yes,One year,104.4
No,No,Month-to-month,55.15
No,Yes,Month-to-month,74.95
No,No,Month-to-month,79.85
No,Yes,Month-to-month,55.0
Yes,Yes,Month-to-month,90.6
Yes,Yes,Month-to-month,95.55
No,Yes,Month-to-month,84.8
No,No,Month-to-month,69.2
Yes,No,Month-to-month,69.1
No,Yes,Month-to-month,93.85
No,Yes,Month-to-month,54.55
Yes,Yes,Month-to-month,80.65
No,No,Month-to-month,46.0
No,Yes,Month-to-month,73.65
Yes,Yes,Month-to-month,100.5
No,No,Month-to-month,46.0
Yes,Yes,Month-to-month,99.5
No,No,Two year,70.2
No,No phone service,Month-to-month,25.1
No,No,Month-to-month,20.15
No,No,Month-to-month,84.85
No,Yes,Month-to-month,107.4
No,No,Month-to-month,69.5
Yes,No,Month-to-month,19.65
Yes,Yes,One year,89.75
No,Yes,Month-to-month,74.4
No,No,Month-to-month,50.65
No,Yes,Month-to-month,72.2
Yes,No,Month-to-month,69.1
Yes,Yes,Month-to-month,94.1
No,Yes,One year,96.75
Yes,Yes,Month-to-month,85.45
No,Yes,Month-to-month,98.55
No,No,Month-to-month,46.05
Yes,Yes,Month-to-month,91.65
Yes,Yes,Month-to-month,83.05
No,Yes,Month-to-month,89.2
No,Yes,Month-to-month,90.85
No,No,Month-to-month,20.2
No,Yes,Month-to-month,110.45
Yes,No,One year,109.5
Yes,Yes,Month-to-month,98.75
Yes,Yes,One year,103.25
No,Yes,Month-to-month,54.45
Yes,Yes,Month-to-month,105.5
Yes,No,Month-to-month,93.15
No,No,Month-to-month,45.15
No,No,Month-to-month,76.65
Yes,No,Month-to-month,79.45
No,Yes,One year,64.4
Yes,Yes,Month-to-month,101.05
Yes,No,Month-to-month,95.75
No,Yes,Month-to-month,98.8
Yes,Yes,Month-to-month,91.65
No,No,Month-to-month,79.25
No,Yes,Month-to-month,75.1
No,Yes,Month-to-month,104.8
Yes,No,Month-to-month,88.3
Yes,No phone service,Month-to-month,40.1
Yes,Yes,Month-to-month,25.9
Yes,Yes,Month-to-month,93.55
No,No,Month-to-month,73.85
Yes,Yes,Month-to-month,103.4
No,No,Month-to-month,74.9
No,No,Month-to-month,70.9
Yes,No,Month-to-month,49.15
No,Yes,Month-to-month,89.3
No,No phone service,Month-to-month,30.1
No,No,Month-to-month,75.8
No,Yes,Two year,112.95
Yes,Yes,Month-to-month,94.4
No,Yes,Month-to-month,90.05
No,No,Month-to-month,72.9
No,No,Month-to-month,74.65
Yes,No,Month-to-month,57.45
No,No,Month-to-month,84.95
Yes,Yes,Month-to-month,83.75
No,No,Month-to-month,70.0
No,Yes,Month-to-month,111.1
Yes,Yes,One year,107.5
Yes,No,One year,66.5
No,No,Month-to-month,55.35
No,Yes,Month-to-month,88.35
No,No phone service,Month-to-month,25.15
No,No,Month-to-month,79.4
No,Yes,Month-to-month,99.05
No,No,One year,104.05
No,No,Month-to-month,69.6
Yes,No phone service,Month-to-month,55.9
No,No,Month-to-month,96.1
No,Yes,Month-to-month,55.0
No,Yes,Month-to-month,80.05
No,No phone service,Month-to-month,25.3
Yes,Yes,Month-to-month,106.15
Yes,Yes,Month-to-month,94.4
No,No phone service,Month-to-month,40.3
Yes,Yes,Month-to-month,102.95
No,No,Month-to-month,81.0
Yes,No,Month-to-month,84.3
No,No,Month-to-month,69.6
No,Yes,Month-to-month,105.9
No,No phone service,Month-to-month,35.1
No,No,Month-to-month,83.2
Yes,No,Month-to-month,20.0
No,No,Month-to-month,75.2
Yes,Yes,Two year,114.2
No,No phone service,Month-to-month,24.45
No,No,Month-to-month,88.45
Yes,Yes,Month-to-month,107.35
No,No,Month-to-month,45.75
Yes,Yes,Month-to-month,98.75
No,No,Month-to-month,70.05
No,Yes,Two year,109.65
No,Yes,Month-to-month,74.95
No,No,Month-to-month,44.2
Yes,Yes,Month-to-month,94.25
No,Yes,Month-to-month,85.55
No,Yes,Month-to-month,74.4
No,Yes,Month-to-month,85.3
No,No,Month-to-month,69.55
Yes,Yes,Month-to-month,86.5
No,No,Two year,19.35
Yes,Yes,Month-to-month,95.6
Yes,Yes,One year,105.95
Yes,No,Month-to-month,94.85
No,No,One year,70.15
No,No phone service,Month-to-month,39.5
Yes,No,Month-to-month,70.1
Yes,Yes,Month-to-month,100.0
No,Yes,Two year,116.2
Yes,No,Month-to-month,90.8
No,Yes,Month-to-month,98.25
Yes,Yes,Month-to-month,103.85
No,Yes,Month-to-month,77.0
No,Yes,Month-to-month,93.35
No,No,Month-to-month,19.6
No,No,Month-to-month,99.0
Yes,No,Month-to-month,80.3
No,Yes,One year,100.6
No,No phone service,Month-to-month,31.05
Yes,Yes,Month-to-month,99.5
No,No,One year,62.7
No,Yes,Month-to-month,87.1
No,Yes,Month-to-month,94.3
No,Yes,Month-to-month,98.15
Yes,Yes,Month-to-month,101.95
No,No,Month-to-month,93.85
Yes,Yes,Two year,104.15
Yes,No,Month-to-month,70.45
No,Yes,Month-to-month,53.75
No,No,Month-to-month,75.55
No,No,Month-to-month,70.75
Yes,Yes,Month-to-month,84.95
No,No,Month-to-month,73.95
No,Yes,Month-to-month,85.05
No,No,Month-to-month,69.85
No,Yes,Month-to-month,99.7
No,Yes,Month-to-month,76.25
No,Yes,Month-to-month,85.45
Yes,Yes,Month-to-month,89.1
No,Yes,One year,94.8
No,Yes,Month-to-month,99.85
No,Yes,Month-to-month,100.25
No,No,Month-to-month,19.75
No,No,Month-to-month,69.95
Yes,No,Month-to-month,70.7
Yes,No,Month-to-month,21.0
No,No,Month-to-month,89.55
No,No,Month-to-month,79.55
No,Yes,Month-to-month,97.35
No,No,Month-to-month,50.8
Yes,No,Month-to-month,69.25
No,No,Month-to-month,98.9
No,Yes,Month-to-month,75.35
Yes,No,Month-to-month,77.95
No,No,Month-to-month,20.5
No,No,Month-to-month,80.6
No,Yes,Month-to-month,86.0
Yes,Yes,Month-to-month,62.65
Yes,Yes,Month-to-month,104.4
No,No,Month-to-month,95.1
No,Yes,Month-to-month,74.45
Yes,Yes,Month-to-month,99.55
No,No phone service,One year,41.6
No,No phone service,Month-to-month,55.8
No,No phone service,Month-to-month,47.95
No,No,Month-to-month,74.95
No,No,Month-to-month,99.5
No,No,Month-to-month,80.2
No,Yes,Month-to-month,63.6
No,Yes,Month-to-month,99.7
Yes,No,One year,49.75
Yes,No,Month-to-month,92.5
Yes,Yes,Two year,25.15
No,Yes,Month-to-month,100.85
Yes,No,Month-to-month,65.0
Yes,No,Month-to-month,20.35
No,Yes,Month-to-month,84.9
Yes,No,One year,19.75
Yes,No,Month-to-month,44.6
Yes,Yes,Month-to-month,84.5
Yes,Yes,One year,108.55
No,No,Month-to-month,45.1
Yes,Yes,Month-to-month,105.0
No,Yes,Month-to-month,85.65
No,No,Month-to-month,74.8
No,Yes,Month-to-month,101.75
Yes,No,Month-to-month,19.0
No,No,Month-to-month,78.5
No,No,Two year,95.5
No,No,Month-to-month,89.1
No,Yes,Month-to-month,84.6
No,No,Month-to-month,105.1
No,No phone service,Month-to-month,25.7
No,No,Month-to-month,19.45
No,No,Month-to-month,69.0
No,No,Month-to-month,70.0
No,Yes,Month-to-month,102.95
Yes,Yes,Month-to-month,89.6
No,No phone service,Month-to-month,23.9
Yes,No,Month-to-month,85.75
No,No,Month-to-month,45.35
No,No,Month-to-month,81.15
No,Yes,Month-to-month,91.7
No,Yes,Month-to-month,108.15
Yes,Yes,One year,106.0
No,No phone service,Month-to-month,54.15
No,Yes,Month-to-month,94.0
No,Yes,Month-to-month,95.65
Yes,Yes,Month-to-month,85.35
No,No,Month-to-month,68.65
No,No,One year,95.25
Yes,No,Month-to-month,70.4
No,No,Month-to-month,49.4
No,No,Month-to-month,92.1
Yes,No phone service,Month-to-month,24.45
No,Yes,Month-to-month,101.9
No,Yes,Month-to-month,49.4
No,No phone service,Month-to-month,51.0
No,Yes,Month-to-month,81.35
Yes,Yes,Month-to-month,79.6
No,Yes,Month-to-month,80.45
No,No phone service,Month-to-month,35.9
No,No,Month-to-month,70.7
Yes,No,Month-to-month,75.15
No,Yes,Month-to-month,106.3
No,No,Month-to-month,45.7
No,No,Month-to-month,106.6
No,No,Month-to-month,43.3
No,No,Month-to-month,50.15
No,No,Month-to-month,98.7
No,Yes,One year,100.0
No,No,Month-to-month,70.25
No,No,Month-to-month,45.3
No,No phone service,Month-to-month,31.35
Yes,No,Month-to-month,80.0
No,No,Month-to-month,80.95
Yes,Yes,Month-to-month,74.6
Yes,No,Month-to-month,55.3
Yes,Yes,One year,89.55
No,No,Month-to-month,101.35
No,No,Month-to-month,70.25
No,No,Month-to-month,59.45
No,No,Month-to-month,49.15
No,No,Month-to-month,69.65
No,Yes,Month-to-month,64.65
Yes,Yes,Month-to-month,100.55
No,Yes,Month-to-month,106.35
No,Yes,Month-to-month,74.75
No,Yes,Month-to-month,74.9
Yes,Yes,Month-to-month,84.8
No,No,Month-to-month,76.4
No,No phone service,One year,45.25
Yes,Yes,One year,100.95
Yes,Yes,Month-to-month,105.3
No,No phone service,Month-to-month,49.05
No,No,Month-to-month,19.85
No,No,Month-to-month,70.15
No,Yes,Month-to-month,99.0
Yes,No,One year,105.95
No,No,Month-to-month,83.75
No,No,Month-to-month,44.85
No,Yes,Month-to-month,93.55
No,No phone service,Month-to-month,28.6
No,Yes,Month-to-month,75.25
No,No,Month-to-month,45.35
No,No,Month-to-month,45.4
No,No,Month-to-month,55.0
Yes,Yes,Month-to-month,105.65
Yes,Yes,Month-to-month,96.2
Yes,Yes,Month-to-month,98.7
Yes,No phone service,Month-to-month,48.55
No,Yes,Month-to-month,100.75
No,Yes,Month-to-month,100.6
Yes,Yes,Two year,113.15
Yes,Yes,One year,103.7
No,No,Month-to-month,70.15
No,Yes,Month-to-month,95.6
No,Yes,Month-to-month,90.0
No,No,Month-to-month,69.6
Yes,No,One year,90.4
No,No,Month-to-month,70.65
No,No,Month-to-month,84.3
Yes,No,Month-to-month,44.05
No,No,Month-to-month,80.3
Yes,Yes,Month-to-month,74.1
No,No,One year,105.65
No,No,Month-to-month,79.25
Yes,Yes,Month-to-month,86.1
Yes,Yes,Month-to-month,96.1
No,No,Month-to-month,71.0
No,No,Month-to-month,79.0
No,Yes,Month-to-month,75.75
Yes,No,Two year,74.8
No,No,Month-to-month,45.1
Yes,Yes,Month-to-month,104.3
No,No,Month-to-month,94.75
No,No,Month-to-month,19.4
No,Yes,Month-to-month,105.95
No,No,Month-to-month,45.0
Yes,Yes,One year,102.45
No,No,Two year,19.75
No,No phone service,Month-to-month,58.5
No,Yes,Month-to-month,99.15
Yes,Yes,Month-to-month,103.95
Yes,No phone service,Month-to-month,29.7
Yes,No,Month-to-month,70.55
No,No phone service,Month-to-month,45.55
No,No,Month-to-month,74.25
No,Yes,Month-to-month,50.55
Yes,Yes,Month-to-month,74.65
Yes,Yes,Month-to-month,103.3
Yes,No,Month-to-month,83.6
No,No,Month-to-month,95.9
No,Yes,Month-to-month,102.95
Yes,No,Month-to-month,49.55
Yes,No,Month-to-month,74.05
Yes,Yes,Two year,93.9
No,Yes,Month-to-month,74.7
Yes,Yes,Month-to-month,92.5
Yes,Yes,Month-to-month,56.7
No,No,Month-to-month,70.1
No,Yes,Month-to-month,84.65
Yes,No,Month-to-month,56.5
No,Yes,Month-to-month,78.95
No,No,Month-to-month,83.8
No,No,Month-to-month,55.05
Yes,Yes,One year,103.75
No,No,Month-to-month,51.25
No,Yes,Month-to-month,100.55
Yes,No,Month-to-month,98.9
Yes,Yes,Two year,98.3
No,No,Month-to-month,44.9
No,Yes,Month-to-month,84.05
No,No,Month-to-month,79.55
No,No,Month-to-month,46.3
Yes,Yes,Two year,108.4
No,No phone service,Month-to-month,35.75
No,Yes,Month-to-month,89.85
Yes,No phone service,One year,33.55
Yes,No,Month-to-month,61.45
No,Yes,Month-to-month,95.45
Yes,No,Month-to-month,80.55
No,Yes,Month-to-month,50.4
Yes,Yes,One year,107.55
Yes,No,One year,90.1
Yes,Yes,Month-to-month,103.0
Yes,No,Month-to-month,78.3
No,Yes,Month-to-month,95.65
No,Yes,Month-to-month,95.0
No,Yes,Month-to-month,96.8
No,Yes,Month-to-month,88.95
Yes,No,Month-to-month,94.2
No,No,Month-to-month,55.1
No,No phone service,One year,43.75
Yes,No,One year,70.1
Yes,Yes,Month-to-month,75.2
No,Yes,Month-to-month,106.75
No,Yes,Month-to-month,84.45
Yes,No phone service,Month-to-month,48.75
No,Yes,Month-to-month,89.5
No,No,Month-to-month,48.8
No,Yes,Month-to-month,55.65
No,No,Month-to-month,59.5
Yes,Yes,Month-to-month,85.45
No,No,Month-to-month,70.4
Yes,No,Month-to-month,83.9
Yes,Yes,Month-to-month,98.1
Yes,No,Month-to-month,89.5
No,No,Month-to-month,69.95
No,No phone service,Month-to-month,29.6
No,No phone service,Month-to-month,25.05
Yes,No phone service,Month-to-month,36.45
Yes,No,Month-to-month,80.85
No,Yes,Month-to-month,95.2
No,No,Month-to-month,70.1
No,No,Month-to-month,80.5
No,Yes,Month-to-month,76.45
No,Yes,Month-to-month,93.9
No,No,Month-to-month,69.65
No,No,Month-to-month,48.55
No,No,Month-to-month,89.35
No,No,Month-to-month,19.6
Yes,Yes,Two year,103.4
No,No,One year,19.3
Yes,Yes,One year,84.35
No,No,Month-to-month,50.15
No,Yes,Month-to-month,113.2
Yes,Yes,Month-to-month,84.55
No,No,Month-to-month,49.2
No,No,Month-to-month,86.3
No,No,Month-to-month,19.85
Yes,No,One year,93.8
Yes,No,Month-to-month,94.7
Yes,No,Month-to-month,50.4
No,Yes,Month-to-month,79.85
No,Yes,Month-to-month,84.4
No,No,Month-to-month,20.65
No,No,Month-to-month,94.7
No,No phone service,Month-to-month,34.7
Yes,No,Month-to-month,69.95
No,Yes,Month-to-month,88.8
No,No,Month-to-month,89.3
No,No phone service,Month-to-month,24.75
No,No,Month-to-month,49.25
No,No phone service,Month-to-month,33.5
Yes,No,Month-to-month,99.15
Yes,Yes,Month-to-month,85.35
Yes,No,Month-to-month,80.05
No,Yes,Month-to-month,75.75
No,Yes,Month-to-month,95.05
Yes,No phone service,Month-to-month,35.4
No,Yes,Month-to-month,98.05
Yes,Yes,Month-to-month,84.5
Yes,Yes,Month-to-month,90.2
No,No,Month-to-month,80.85
No,Yes,Month-to-month,99.95
Yes,Yes,Month-to-month,74.4
No,Yes,Month-to-month,94.45
Yes,Yes,Month-to-month,79.9
Yes,Yes,Month-to-month,84.45
No,No,Month-to-month,90.35
No,No,Month-to-month,53.85
No,No,Month-to-month,20.9
No,No,Month-to-month,96.2
No,No phone service,Month-to-month,40.1
Yes,No,Month-to-month,69.95
No,No,Month-to-month,45.15
No,Yes,Month-to-month,75.5
No,No,Month-to-month,45.05
Yes,Yes,Month-to-month,99.45
No,Yes,One year,118.35
No,No,Month-to-month,89.9
No,No,Month-to-month,19.85
Yes,Yes,Month-to-month,101.35
No,No,Month-to-month,90.55
Yes,No phone service,Month-to-month,30.5
No,No,Month-to-month,80.5
Yes,Yes,Two year,106.0
No,Yes,Month-to-month,99.45
Yes,Yes,Two year,24.5
No,Yes,Month-to-month,94.2
No,Yes,Month-to-month,49.95
No,Yes,Two year,108.05
No,No,Month-to-month,88.35
Yes,Yes,Month-to-month,76.5
Yes,No phone service,Month-to-month,55.55
No,No,Month-to-month,20.05
Yes,No phone service,Two year,54.2
Yes,No,Month-to-month,44.6
Yes,No,One year,73.9
No,Yes,Month-to-month,80.7
Yes,Yes,Month-to-month,104.8
No,Yes,Month-to-month,75.6
Yes,No,One year,69.5
Yes,No,Month-to-month,79.95
No,No phone service,One year,44.85
No,No,Month-to-month,70.05
No,Yes,Month-to-month,85.8
No,No phone service,Month-to-month,40.15
No,No,Month-to-month,100.55
No,Yes,One year,100.05
No,Yes,Month-to-month,93.3
No,No,Month-to-month,71.3
No,No phone service,One year,53.95
Yes,Yes,Month-to-month,103.85
No,No,Month-to-month,94.45
No,Yes,One year,115.55
Yes,Yes,Month-to-month,99.05
Yes,Yes,Month-to-month,93.9
No,No,Month-to-month,69.7
No,No phone service,Month-to-month,45.4
No,No phone service,Month-to-month,41.15
No,No,Month-to-month,79.05
Yes,No,Month-to-month,74.5
No,Yes,Month-to-month,79.05
No,Yes,Month-to-month,75.35
Yes,No,Month-to-month,81.05
Yes,Yes,Month-to-month,75.15
No,Yes,Month-to-month,104.05
Yes,No phone service,Month-to-month,40.2
Yes,Yes,Month-to-month,54.75
No,No phone service,Month-to-month,28.45
No,Yes,Month-to-month,90.8
Yes,Yes,Month-to-month,101.0
No,No,Month-to-month,94.95
No,No,Month-to-month,79.6
No,No,Month-to-month,20.2
Yes,No,Month-to-month,70.75
No,No phone service,Month-to-month,49.25
No,Yes,Month-to-month,86.05
Yes,Yes,Month-to-month,100.2
No,No,Month-to-month,20.6
No,No,Month-to-month,20.15
Yes,Yes,Month-to-month,99.8
No,No,Month-to-month,68.25
Yes,No phone service,Month-to-month,48.35
No,Yes,Month-to-month,99.25
No,No,Month-to-month,50.5
No,Yes,Month-to-month,80.5
No,Yes,One year,106.95
Yes,No,One year,106.1
Yes,No,One year,54.15
No,Yes,Month-to-month,94.75
No,Yes,One year,104.7
Yes,Yes,Month-to-month,110.75
Yes,Yes,Month-to-month,109.55
No,Yes,Month-to-month,109.9
Yes,Yes,Month-to-month,74.95
No,Yes,Month-to-month,98.6
No,No,Month-to-month,80.8
No,No,Month-to-month,69.75
Yes,Yes,Month-to-month,101.1
Yes,Yes,Month-to-month,91.75
No,No,Month-to-month,20.2
No,No,Month-to-month,68.85
Yes,Yes,Month-to-month,89.65
No,No,Month-to-month,44.45
Yes,No,Month-to-month,19.55
No,Yes,Month-to-month,86.45
No,No,Month-to-month,73.9
No,No,Month-to-month,90.55
No,No,Month-to-month,84.6
No,No,Month-to-month,108.15
No,Yes,Month-to-month,79.15
No,Yes,Month-to-month,90.6
Yes,Yes,One year,96.55
No,Yes,Month-to-month,96.55
No,Yes,Month-to-month,100.15
No,No,Month-to-month,74.6
No,No,Month-to-month,44.75
No,No,Month-to-month,48.55
Yes,Yes,Month-to-month,100.05
No,Yes,Month-to-month,75.05
Yes,No,Month-to-month,80.3
Yes,No,Month-to-month,76.4
No,Yes,Month-to-month,99.75
No,No,Month-to-month,79.15
No,Yes,Month-to-month,83.85
No,No,Month-to-month,97.9
Yes,No,Month-to-month,91.85
Yes,Yes,Month-to-month,105.95
Yes,Yes,Month-to-month,74.35
Yes,No,Month-to-month,88.35
Yes,No,Month-to-month,55.15
No,Yes,Month-to-month,74.15
No,Yes,Month-to-month,104.75
No,No phone service,Month-to-month,30.6
No,Yes,Month-to-month,23.15
No,Yes,Two year,106.6
No,Yes,Month-to-month,74.25
No,Yes,Month-to-month,89.95
No,No phone service,Month-to-month,50.75
No,No,Month-to-month,55.35
Yes,Yes,One year,99.5
No,No,Month-to-month,20.25
Yes,No,Month-to-month,78.8
Yes,Yes,Month-to-month,98.5
No,No,One year,20.15
Yes,Yes,Two year,80.55
No,No,Month-to-month,79.9
No,No,One year,55.15
No,Yes,Month-to-month,89.7
Yes,Yes,Month-to-month,95.25
No,Yes,Month-to-month,80.45
No,No,Month-to-month,70.9
No,Yes,Month-to-month,88.95
Yes,No,Month-to-month,69.15
No,No phone service,Month-to-month,30.45
No,Yes,Month-to-month,95.7
Yes,No phone service,Month-to-month,39.3
No,No,Month-to-month,76.35
No,No,Month-to-month,46.0
No,Yes,Month-to-month,75.2
No,No,Month-to-month,49.05
Yes,No,Month-to-month,89.65
No,No,Month-to-month,94.9
No,No,Month-to-month,89.5
Yes,No,Month-to-month,84.1
No,No,Month-to-month,20.25
No,No phone service,Month-to-month,24.75
No,No,Month-to-month,20.1
No,Yes,Month-to-month,78.55
Yes,No,One year,105.5
No,No,Month-to-month,19.5
Yes,Yes,Month-to-month,100.8
No,Yes,Month-to-month,61.65
No,No,Month-to-month,45.7
No,Yes,Month-to-month,94.0
Yes,Yes,Month-to-month,99.15
No,No,Month-to-month,66.4
No,No,Month-to-month,69.6
Yes,No,Month-to-month,50.15
Yes,Yes,Month-to-month,84.0
No,Yes,Month-to-month,75.35
No,Yes,Month-to-month,74.9
Yes,Yes,Month-to-month,104.4
Yes,Yes,Month-to-month,94.55
No,Yes,Month-to-month,85.65
No,No,Month-to-month,19.65
Yes,No,Month-to-month,83.3
No,No phone service,Month-to-month,34.25
No,No,Month-to-month,45.95
Yes,Yes,Month-to-month,97.35
No,No,Month-to-month,79.3
Yes,Yes,Two year,108.65
No,No,Month-to-month,78.95
Yes,Yes,Month-to-month,74.9
Yes,Yes,Two year,65.3
No,No,Month-to-month,44.55
Yes,No phone service,Month-to-month,30.75
No,Yes,Month-to-month,87.05
Yes,No,Month-to-month,79.5
Yes,No,Month-to-month,68.5
No,No,Month-to-month,76.45
No,Yes,One year,103.45
Yes,Yes,Month-to-month,95.25
No,No,Month-to-month,71.15
No,Yes,Month-to-month,51.55
No,No,Month-to-month,84.85
Yes,No phone service,Month-to-month,35.15
Yes,No,Month-to-month,73.55
No,No,Month-to-month,49.4
Yes,Yes,Month-to-month,94.0
No,No,Month-to-month,74.55
No,No,Month-to-month,54.85
No,No phone service,Month-to-month,33.65
No,Yes,Month-to-month,100.1
No,No,Month-to-month,89.3
Yes,Yes,Month-to-month,85.4
Yes,Yes,Month-to-month,74.95
No,No,Month-to-month,75.35
No,Yes,Month-to-month,86.6
No,No phone service,Month-to-month,50.8
No,No,Month-to-month,69.4
No,Yes,Month-to-month,85.7
No,No,Month-to-month,55.0
No,Yes,Month-to-month,93.5
No,No,Month-to-month,44.15
No,No,Month-to-month,84.4
Yes,Yes,Month-to-month,91.85
Yes,No,Month-to-month,49.25
No,No,Month-to-month,79.85
No,No,Month-to-month,56.25
No,No,Month-to-month,45.65
No,Yes,Month-to-month,88.7
No,No,Month-to-month,64.75
No,No,Month-to-month,71.0
No,No,Month-to-month,45.6
No,No,Month-to-month,48.95
Yes,No,Month-to-month,94.2
No,No,Month-to-month,19.9
No,Yes,Month-to-month,85.0
Yes,Yes,Month-to-month,80.5
No,No,Month-to-month,55.0
No,No,Month-to-month,44.65
Yes,Yes,One year,83.0
No,Yes,Month-to-month,98.5
No,No,Month-to-month,94.4
No,Yes,Month-to-month,79.55
No,Yes,Month-to-month,95.0
No,No phone service,Month-to-month,54.45
No,No,Month-to-month,72.85
Yes,Yes,Month-to-month,93.85
Yes,No,Month-to-month,70.45
Yes,No,Month-to-month,61.15
Yes,No,Month-to-month,84.2
No,No,Month-to-month,70.5
No,Yes,Month-to-month,84.45
No,Yes,Month-to-month,85.2
No,No,Month-to-month,20.25
No,No,Month-to-month,79.4
Yes,Yes,Month-to-month,101.3
No,Yes,One year,106.1
No,No,Month-to-month,55.4
No,No,Month-to-month,84.85
Yes,Yes,Month-to-month,80.15
No,No,Month-to-month,53.9
No,Yes,Month-to-month,74.55
No,No,Month-to-month,50.35
No,No phone service,Month-to-month,35.55
No,No,Month-to-month,74.5
No,No,Month-to-month,81.0
No,No,Month-to-month,77.85
Yes,No,Month-to-month,48.7
Yes,No,Month-to-month,94.45
No,No,Month-to-month,20.95
No,No,Month-to-month,45.3
No,Yes,One year,79.45
No,Yes,Month-to-month,101.45
No,No,Month-to-month,70.0
No,Yes,Month-to-month,93.7
No,Yes,Month-to-month,76.5
No,Yes,Month-to-month,85.2
Yes,Yes,One year,102.6
No,Yes,Month-to-month,98.8
No,No,Month-to-month,88.35
Yes,No phone service,One year,51.8
No,Yes,Month-to-month,58.6
Yes,No,One year,19.8
Yes,Yes,One year,82.05
No,No,Month-to-month,94.4
No,No,Month-to-month,79.75
No,No,One year,74.3
No,Yes,Month-to-month,79.65
Yes,No phone service,One year,55.95
No,No,Month-to-month,69.65
No,Yes,Month-to-month,79.4
No,Yes,Month-to-month,74.2
No,Yes,Month-to-month,96.6
No,No phone service,Month-to-month,24.8
Yes,Yes,Two year,110.0
No,Yes,Month-to-month,90.7
Yes,No,Month-to-month,73.65
Yes,No,Month-to-month,79.65
Yes,Yes,One year,104.05
No,No,Month-to-month,89.15
No,Yes,Month-to-month,94.55
No,No,Month-to-month,69.55
No,No phone service,Month-to-month,24.25
No,No,One year,62.3
Yes,No,One year,90.95
No,No,Month-to-month,79.8
Yes,Yes,Month-to-month,99.45
No,No,Month-to-month,80.0
Yes,No,One year,94.85
No,No,Month-to-month,80.1
No,Yes,Month-to-month,75.55
No,Yes,Month-to-month,74.95
Yes,Yes,Month-to-month,100.45
No,Yes,Month-to-month,98.7
Yes,Yes,Month-to-month,104.25
Yes,No phone service,Month-to-month,45.3
Yes,No,Month-to-month,70.65
Yes,Yes,Month-to-month,81.3
No,No,Month-to-month,71.1
No,Yes,Month-to-month,85.25
No,No,Month-to-month,69.75
Yes,Yes,Month-to-month,104.2
Yes,No,Month-to-month,84.95
Yes,Yes,Month-to-month,80.3
Yes,Yes,Month-to-month,95.1
Yes,Yes,Month-to-month,84.4
Yes,No,Month-to-month,19.9
Yes,Yes,Month-to-month,96.75
No,Yes,One year,84.05
Yes,No phone service,Month-to-month,29.95
Yes,Yes,Month-to-month,93.8
Yes,No,Month-to-month,74.15
No,No,Month-to-month,86.0
No,Yes,Month-to-month,95.15
Yes,Yes,One year,106.55
Yes,No,Month-to-month,69.0
No,Yes,Month-to-month,96.05
No,Yes,Month-to-month,96.65
Yes,Yes,Month-to-month,74.5
No,Yes,Month-to-month,101.55
Yes,No,Month-to-month,86.3
Yes,Yes,Month-to-month,85.1
No,Yes,Month-to-month,106.15
No,No,Month-to-month,71.65
No,Yes,Month-to-month,96.15
Yes,Yes,Month-to-month,94.5
No,No,Month-to-month,70.95
No,No,Month-to-month,74.4
No,No,Month-to-month,51.0
No,Yes,Month-to-month,106.7
No,No,Month-to-month,74.4
Yes,Yes,Month-to-month,104.2
Yes,Yes,Month-to-month,104.05
No,Yes,Month-to-month,98.35
Yes,No,Month-to-month,99.3
No,No,Month-to-month,96.5
No,No,Month-to-month,90.8
Yes,Yes,Month-to-month,67.95
No,Yes,Month-to-month,104.85
No,No phone service,Month-to-month,36.85
No,No,Month-to-month,89.7
No,Yes,One year,111.25
No,No,Month-to-month,85.35
Yes,Yes,Month-to-month,60.05
Yes,Yes,Month-to-month,79.65
Yes,No phone service,Month-to-month,34.0
No,No,Month-to-month,70.75
No,No,Month-to-month,67.75
No,No,Month-to-month,84.7
No,No,Month-to-month,68.65
Yes,No,Month-to-month,83.55
Yes,Yes,One year,117.8
No,No,Month-to-month,44.35
No,No,Month-to-month,50.8
No,No,Month-to-month,60.05
No,Yes,Month-to-month,75.45
No,No,Month-to-month,69.7
No,Yes,Month-to-month,83.15
Yes,No,Month-to-month,65.7
Yes,Yes,One year,75.8
No,No phone service,Month-to-month,33.9
Yes,No,Month-to-month,20.5
Yes,Yes,Month-to-month,99.75
No,No phone service,Month-to-month,25.05
No,No phone service,Month-to-month,50.6
Yes,No,Month-to-month,89.15
Yes,No,Month-to-month,44.35
No,Yes,Month-to-month,54.35
No,No,Month-to-month,78.85
Yes,Yes,Month-to-month,83.75
Yes,Yes,Month-to-month,79.9
No,Yes,Month-to-month,112.95
No,Yes,Month-to-month,74.35
Yes,No phone service,One year,24.1
No,No,Month-to-month,50.75
No,No,Month-to-month,70.75
No,Yes,Month-to-month,90.85
No,Yes,Month-to-month,50.45
Yes,Yes,Month-to-month,80.5
No,No,Month-to-month,85.85
Yes,No,Month-to-month,98.5
No,Yes,One year,103.95
No,Yes,Month-to-month,81.45
Yes,No,Month-to-month,80.85
No,No,Month-to-month,99.8
No,No,Month-to-month,44.4
No,No,Month-to-month,20.55
No,Yes,One year,103.25
No,Yes,Month-to-month,84.8
Yes,Yes,One year,73.0
Yes,No,Month-to-month,80.4
No,Yes,One year,74.05
Yes,Yes,One year,110.85
Yes,Yes,Month-to-month,74.4
No,Yes,Month-to-month,84.45
No,Yes,Month-to-month,55.7
No,No,Month-to-month,82.3
No,No,Month-to-month,95.35
No,No phone service,Month-to-month,29.65
No,Yes,Month-to-month,100.25
No,Yes,One year,102.0
No,No,Month-to-month,49.65
No,Yes,Month-to-month,74.4
No,Yes,Month-to-month,75.05
Yes,No phone service,Month-to-month,23.45
No,Yes,Month-to-month,82.35
Yes,Yes,Month-to-month,85.2
No,Yes,Month-to-month,93.85
No,Yes,Month-to-month,73.25
No,Yes,Month-to-month,95.65
Yes,No,Month-to-month,71.05
No,No phone service,Month-to-month,25.25
No,Yes,Month-to-month,80.65
No,No,Month-to-month,74.3
No,Yes,Month-to-month,88.45
Yes,No,Month-to-month,102.8
No,Yes,Month-to-month,97.8
No,Yes,Month-to-month,79.15
Yes,No,One year,60.3
No,No,Month-to-month,91.1
Yes,No,Month-to-month,65.45
No,No,Month-to-month,69.1
No,Yes,Month-to-month,80.0
No,No,Month-to-month,45.3
No,No,Month-to-month,86.2
No,Yes,Month-to-month,73.85
No,Yes,Month-to-month,103.35
No,No,Month-to-month,45.3
No,Yes,One year,108.45
No,No,Month-to-month,47.8
No,No phone service,Month-to-month,25.8
No,No phone service,Month-to-month,41.9
Yes,Yes,Month-to-month,75.85
No,No,Month-to-month,45.05
Yes,Yes,Month-to-month,89.95
No,No,Month-to-month,80.85
Yes,Yes,Month-to-month,78.95
No,No,Month-to-month,95.0
No,No,Month-to-month,75.3
Yes,Yes,Month-to-month,75.5
Yes,No,Month-to-month,73.75
No,No phone service,Month-to-month,25.3
No,No,Month-to-month,53.55
Yes,Yes,Month-to-month,84.85
No,No,Month-to-month,85.0
No,Yes,Month-to-month,98.75
Yes,No,Month-to-month,75.0
Yes,Yes,Month-to-month,97.1
No,Yes,Month-to-month,59.0
Yes,Yes,Month-to-month,97.95
No,Yes,Month-to-month,89.9
No,No,Month-to-month,78.05
No,Yes,Month-to-month,86.8
No,Yes,Month-to-month,94.1
No,Yes,Month-to-month,106.4
No,Yes,Month-to-month,74.4
No,Yes,Month-to-month,79.5
Yes,Yes,Month-to-month,103.9
Yes,Yes,Month-to-month,74.75
No,Yes,Month-to-month,75.45
Yes,Yes,Month-to-month,105.55
No,No,Month-to-month,20.0
No,No,Month-to-month,19.25
No,No,Month-to-month,44.4
No,No,Month-to-month,96.8
Yes,Yes,Month-to-month,83.35
No,Yes,Month-to-month,74.2
No,Yes,Month-to-month,101.35
Yes,No,Month-to-month,89.4
No,No,Month-to-month,44.7
Yes,Yes,One year,87.4
Yes,No,Month-to-month,51.05
No,Yes,Month-to-month,25.4
No,No,Month-to-month,80.1
Yes,No,Month-to-month,84.15
No,No,Month-to-month,73.85
No,No,Month-to-month,20.0
Yes,No,Month-to-month,19.95
Yes,Yes,Month-to-month,87.45
Yes,Yes,Month-to-month,104.4
No,No,Month-to-month,81.1
No,No,Month-to-month,74.65
No,No,Month-to-month,79.7
No,No,Month-to-month,70.8
Yes,No,Month-to-month,55.95
No,Yes,Month-to-month,94.5
Yes,No,Month-to-month,70.0
Yes,No,Month-to-month,83.8
Yes,Yes,Month-to-month,81.0
No,Yes,One year,104.65
No,No,Month-to-month,78.45
Yes,No,Month-to-month,19.35
No,Yes,Month-to-month,75.1
No,Yes,Two year,104.6
No,No,Month-to-month,71.35
No,No,Month-to-month,75.7
No,Yes,Month-to-month,50.1
Yes,Yes,Month-to-month,66.35
Yes,No phone service,Month-to-month,24.8
No,Yes,Month-to-month,65.2
No,No,Month-to-month,79.0
No,No,Month-to-month,18.95
No,Yes,Month-to-month,109.15
No,No,Month-to-month,43.95
No,No,Month-to-month,79.2
No,Yes,Month-to-month,90.6
No,Yes,One year,110.9
No,Yes,Month-to-month,93.55
No,No phone service,Month-to-month,45.7
No,Yes,Month-to-month,76.0
No,Yes,Month-to-month,95.5
No,No,Month-to-month,49.85
No,No,Month-to-month,86.2
No,No phone service,Month-to-month,35.05
Yes,Yes,One year,99.2
Yes,Yes,Month-to-month,99.25
